case_id,evidence_strength,compatibility_class,offside_relevance,n_documented_contributors,n_directly_evaluable,n_top10_supported,support_fraction,PRIMARY_EXPLOITER_TOP10,case_level,NULL_WINDOW_HIT_RATE
GOLD001,A,DIRECT_MULTI,NONE,4,3,3,1.0,True,STRONG_CASE_SUPPORT,0.2857142857142857
GOLD002,A,DIRECT_MULTI,NONE,2,2,1,0.5,False,PARTIAL_CASE_SUPPORT,0.1794871794871795
GOLD003,B,DIRECT_MULTI,NONE,2,1,1,1.0,True,STRONG_CASE_SUPPORT,0.1645569620253164
GOLD004,A,DIRECT_MULTI,POSSIBLE,2,2,2,1.0,True,STRONG_CASE_SUPPORT,0.1666666666666666
GOLD005,A,DIRECT_MULTI,NONE,2,1,0,0.0,False,CASE_MISS,0.2025316455696202
GOLD006,A,DIRECT_SINGLE,CENTRAL_TO_MECHANISM,1,1,0,0.0,False,CASE_MISS,0.2151898734177215
GOLD007,A,DIRECT_SINGLE,POSSIBLE,2,1,0,0.0,False,CASE_MISS,0.2658227848101265
GOLD008,A,DIRECT_MULTI,POSSIBLE,2,2,1,0.5,True,CASE_SUPPORT,0.2564102564102564
GOLD009,A,DIRECT_MULTI,POSSIBLE,3,2,1,0.5,False,PARTIAL_CASE_SUPPORT,0.1538461538461538
GOLD010,A,DIRECT_SINGLE,POSSIBLE,2,1,1,1.0,True,STRONG_CASE_SUPPORT,0.189873417721519
GOLD011,A,DIRECT_MULTI,NONE,4,2,2,1.0,True,STRONG_CASE_SUPPORT,0.2307692307692307
GOLD012,B,PARTIAL,NONE,2,1,0,0.0,False,CASE_MISS,0.2278481012658227
GOLD013,A,DIRECT_MULTI,POSSIBLE,3,1,1,1.0,True,STRONG_CASE_SUPPORT,0.1645569620253164
GOLD014,A,DIRECT_MULTI,NONE,3,1,0,0.0,False,CASE_MISS,0.1392405063291139
GOLD015,A,DIRECT_SINGLE,POSSIBLE,2,1,1,1.0,True,STRONG_CASE_SUPPORT,0.3417721518987341
GOLD016,B,DIRECT_MULTI,NONE,2,2,1,0.5,True,CASE_SUPPORT,0.2564102564102564
GOLD017,B,DIRECT_MULTI,NONE,2,2,0,0.0,False,CASE_MISS,0.1666666666666666
GOLD018,B,DIRECT_SINGLE,NONE,2,1,1,1.0,True,STRONG_CASE_SUPPORT,0.1518987341772152
GOLD019,B,INDIRECT,NONE,1,0,0,,,NOT_EVALUABLE,0.1625
GOLD020,B,DIRECT_MULTI,POSSIBLE,3,2,1,0.5,False,PARTIAL_CASE_SUPPORT,0.2179487179487179
