pair_id,F_SOG_case,F_SOG_ctrl,dF_SOG,correct_SOG,F_PA_case,F_PA_ctrl,dF_PA,correct_PA,F_RAD_case,F_RAD_ctrl,dF_RAD,correct_RAD
10510|6662199|6545455.0|117494,1.9891019211994407,3.442765148726833,-1.453663227527392,0.0,0.9043423816082556,1.7064024004435157,-0.8020600188352601,0.0,0.9606633939841912,1.6984505666909615,-0.7377871727067704,0.0
10510|6662243|6545499.0|144646,4.476615677112572,2.4281305744133705,2.048485102699201,1.0,0.4232011243850578,1.525023088082701,-1.1018219636976432,0.0,0.4208979291685713,1.5207238125715652,-1.099825883402994,0.0
10510|6662554|6545802.0|8979,2.4701228254237044,3.0092431783834708,-0.5391203529597663,0.0,1.6556178173047995,0.8451279145583502,0.8104899027464495,1.0,1.7340084194313878,0.8786207516035504,0.8553876678278375,1.0
10510|6662603|6545850.0|44669,2.705221969730684,3.0425191747399483,-0.3372972050092646,0.0,1.9262208119322664,2.083998850656781,-0.1577780387245144,0.0,1.9557955370339917,2.078695427021683,-0.1228998899876916,0.0
10513|6668113|6551626.0|148861,2.811532132290161,3.569932742911022,-0.758400610620861,0.0,1.5122315760838505,2.683321846552341,-1.171090270468491,0.0,1.4570411727174075,3.0401302254143383,-1.5830890526969306,0.0
10513|6668756|6552259.0|19325,3.1727071051186737,3.224944518314973,-0.0522374131962992,0.0,0.9349422287643488,1.3022864876041014,-0.3673442588397525,0.0,0.9650111991553768,1.5159422379901657,-0.5509310388347887,0.0
10513|6668841|6552340.0|75066,1.6835572413125068,1.797181688224274,-0.1136244469117671,0.0,1.2899150932589054,1.3172020758568797,-0.0272869825979742,0.0,1.2506150378314866,1.1708666466456352,0.0797483911858514,1.0
3818|6505583|6382483.0|130182,4.8166511707241,3.746607848876418,1.070043321847682,1.0,1.3199505635811335,0.7046959278160578,0.6152546357650759,1.0,1.3006409794536853,0.7054353664849065,0.5952056129687788,1.0
3818|6505587|6382488.0|22703,1.1634995117661018,1.339071908270571,-0.1755723965044695,0.0,0.6621389405165261,0.8916430065798008,-0.2295040660632746,0.0,0.6768643156762177,0.8555350595645307,-0.1786707438883129,0.0
3818|6506020|6382928.0|81214,1.6469963531919491,1.6828149735713245,-0.0358186203793753,0.0,1.78613894252605,1.094182772143614,0.691956170382436,1.0,1.70576494167244,1.0996711679637456,0.6060937737086942,1.0
3818|6506226|6383155.0|180590,1.7344406736901772,2.8005705165680896,-1.0661298428779125,0.0,0.9479260269005998,0.803841942370954,0.1440840845296458,1.0,0.9543037174495476,0.8400888522696988,0.1142148651798486,1.0
3819|6506918|6383898.0|155907,3.4459933568101766,3.2934023744315333,0.1525909823786433,1.0,0.9598292226247218,1.4663871200980307,-0.5065578974733089,0.0,0.9511832978619787,1.517303532208565,-0.5661202343465862,0.0
3819|6507636|6384613.0|85603,2.319177165402706,2.396465873307388,-0.0772887079046817,0.0,0.6838875174234641,0.4703900072830054,0.2134975101404587,1.0,0.6774309472825437,0.4756590241767797,0.2017719231057639,1.0
3819|6507959|6384937.0|29036,2.3660796501032424,2.592178609489801,-0.2260989593865585,0.0,1.19563722049431,0.8679607688655401,0.3276764516287699,1.0,1.4211171298484744,0.818182958381851,0.6029341714666234,1.0
3819|6508093|6385079.0|181981,2.644224045842792,2.4711070953944283,0.1731169504483638,1.0,0.7592099104305149,1.4387956695550403,-0.6795857591245255,0.0,0.7711857677719789,1.5147279398093751,-0.7435421720373963,0.0
3821|6519686|6396892.0|69640,2.653512203261736,3.405054944374778,-0.7515427411130426,0.0,1.6599634532654703,1.2210315673880343,0.438931885877436,1.0,1.664407320306457,1.2238028629746749,0.4406044573317824,1.0
3821|6519853|6397055.0|49199,3.1231615416077463,3.177981974259285,-0.0548204326515389,0.0,2.20251161767773,1.3772571684365635,0.8252544492411671,1.0,2.214234048554284,1.3652675286699003,0.8489665198843834,1.0
3821|6520348|6397550.0|24268,3.3965293012413027,2.840316999998844,0.5562123012424594,1.0,3.093137221621948,1.089530083165145,2.003607138456803,1.0,3.3685552467046795,1.1196193071994185,2.248935939505261,1.0
3821|6520615|6397825.0|82857,2.887838707959789,2.816694921347001,0.0711437866127879,1.0,3.218130555807676,1.930400570457212,1.2877299853504638,1.0,3.226878270758977,1.9272080994295056,1.2996701713294714,1.0
3835|6546127|6424540.0|15256,2.594152409456301,3.3409289788930443,-0.7467765694367428,0.0,1.8027332377343757,2.339516661265282,-0.5367834235309064,0.0,1.807229229476383,2.3523426601374244,-0.5451134306610415,0.0
3835|6546304|6424705.0|71181,2.2523178683063336,1.41860435524962,0.8337135130567135,1.0,1.9462946711197917,1.8099687117325591,0.1363259593872323,1.0,1.9067779574864008,2.016962447756398,-0.1101844902699968,0.0
3835|6546740|6425116.0|168409,2.843113932304094,2.0205357820167733,0.8225781502873208,1.0,2.46796909393121,1.3169653863485802,1.1510037075826298,1.0,2.6612697673753534,1.274092948288378,1.387176819086975,1.0
3835|6547107|6425506.0|185047,1.9979663620881472,1.969150232954738,0.028816129133409,1.0,1.5755113454089478,1.3815463078894543,0.1939650375194934,1.0,1.5910917237933475,1.5466019913575122,0.0444897324358353,1.0
3836|6548134|6426606.0|159140,2.595353265826557,3.197967083287492,-0.6026138174609352,0.0,1.567299139328162,1.284134781039145,0.2831643582890168,1.0,1.591286066598902,1.3106025930096326,0.2806834735892696,1.0
3836|6548237|6426713.0|108245,2.971231078641543,3.555161855356765,-0.583930776715222,0.0,1.0110552788252052,1.2436473838807542,-0.232592105055549,0.0,1.0526483241767044,1.4907815782191998,-0.4381332540424953,0.0
3836|6548240|6426716.0|108311,3.091530448768757,4.227164252137726,-1.135633803368969,0.0,1.741686535823997,0.794459286858765,0.947227248965232,1.0,1.6999258866045648,0.7775199157790919,0.9224059708254728,1.0
3836|6548361|6426843.0|163155,3.2528753296052715,2.1223533212446406,1.1305220083606309,1.0,0.8042958167104987,1.6359104340721302,-0.8316146173616316,0.0,0.8672899553594968,1.519763784789922,-0.6524738294304251,0.0
3836|6548411|6426893.0|164755,1.5943576907869792,1.976863953561316,-0.3825062627743365,0.0,2.4735725220941944,1.1101387724106664,1.363433749683528,1.0,2.4324684909292675,1.1372661377680382,1.2952023531612291,1.0
3852|6614130|6494522.0|7178,2.833681374664028,2.5942120747477824,0.2394692999162453,1.0,0.6808775206727234,0.7722582416605062,-0.0913807209877827,0.0,0.6516497953655989,0.7584598961815385,-0.1068101008159396,0.0
3852|6615062|6495469.0|106935,4.044821769884884,2.8819897496621745,1.1628320202227092,1.0,2.2417286074985,1.3744470572154928,0.8672815502830069,1.0,2.231302464162026,1.264437371588178,0.966865092573848,1.0
3852|6616529|6496913.0|21793,2.926483615237755,2.619082805807249,0.3074008094305061,1.0,1.004028659217005,1.7523204271633028,-0.7482917679462981,0.0,0.9602282990945324,1.831555574234872,-0.8713272751403396,0.0
3852|6616814|6497212.0|121817,2.294830104428602,2.0314677295812884,0.2633623748473135,1.0,0.4269496778131499,0.8236483423712865,-0.3966986645581365,0.0,0.4363506822676504,0.8001749726486503,-0.3638242903809999,0.0
