case_id,player_name,shirt_number,role_in_mechanism,evidence_strength,evaluability,frozen_direction_deg,n_window_frames,n_valid_frames,peak_cell_percentile,median_cell_percentile,mean_cell_percentile,fraction_frames_top10,longest_consecutive_top10_frames,TOP10_SUPPORTED,hit_pre_release_only,NULL_WINDOW_HIT_RATE
GOLD001,Jordan Henderson,8,SUPPORT_RUNNER,A,DIRECTLY_EVALUABLE,0.0,30,28,0.9859154929577464,0.9268140488500624,0.9201363650909024,0.8214285714285714,23,True,True,0.2857142857142857
GOLD001,Harry Kane,9,SPACE_CREATOR,A,DIRECTLY_EVALUABLE,0.0,30,21,1.0,0.6056338028169015,0.6982065496952286,0.2857142857142857,6,True,True,0.2857142857142857
GOLD001,Bukayo Saka,17,PINNING_PLAYER,A,STATIC_ROLE_NOT_ACTION_COMPATIBLE,,0,0,,,,,0,False,False,0.2857142857142857
GOLD001,Jude Bellingham,22,PRIMARY_EXPLOITER,A,DIRECTLY_EVALUABLE,0.0,30,21,1.0,0.8732394366197183,0.69239454905349,0.4761904761904761,10,True,True,0.2857142857142857
GOLD002,Aleksandar Mitrović,9,PRIMARY_EXPLOITER,A,DIRECTLY_EVALUABLE,45.0,25,24,0.8734177215189873,0.8028169014084507,0.541986093777857,0.0,0,False,False,0.1794871794871795
GOLD002,Dušan Vlahović,18,SPACE_CREATOR,A,DIRECTLY_EVALUABLE,0.0,25,25,0.9113924050632912,0.7887323943661972,0.7831413799251203,0.12,3,True,False,0.1794871794871795
GOLD003,Ricardo Rodríguez,13,PRIMARY_EXPLOITER,B,DIRECTLY_EVALUABLE,0.0,25,12,1.0,0.971830985915493,0.8525286741546324,0.75,9,True,False,0.1645569620253164
GOLD003,Ruben Vargas,17,PINNING_PLAYER,B,STATIC_ROLE_NOT_ACTION_COMPATIBLE,,0,0,,,,,0,False,False,0.1645569620253164
GOLD004,Julián Álvarez,9,PRIMARY_EXPLOITER,A,DIRECTLY_EVALUABLE,0.0,23,21,0.9873417721518988,0.9746835443037974,0.9724592279414884,1.0,21,True,True,0.1666666666666666
GOLD004,Enzo Fernández,24,SPACE_CREATOR,A,DIRECTLY_EVALUABLE,0.0,23,15,0.9240506329113924,0.6962025316455696,0.7282224995542877,0.1333333333333333,2,True,True,0.1666666666666666
GOLD005,Kylian Mbappé,10,PINNING_PLAYER,A,STATIC_ROLE_NOT_ACTION_COMPATIBLE,,0,0,,,,,0,False,False,0.2025316455696202
GOLD005,Theo Hernández,22,PRIMARY_EXPLOITER,A,DIRECTLY_EVALUABLE,0.0,24,16,0.810126582278481,0.5633802816901409,0.6362208058477447,0.0,0,False,False,0.2025316455696202
GOLD006,Takuma Asano,18,PRIMARY_EXPLOITER,A,OFFSIDE_CONFOUNDED_BUT_SCOREABLE,180.0,25,12,0.6582278481012658,0.5641025641025641,0.5491047279021962,0.0,0,False,False,0.2151898734177215
GOLD007,Lionel Messi,10,PASSER,A,PASSER_ONLY_NOT_ACTION_COMPATIBLE,,0,0,,,,,0,False,False,0.2658227848101265
GOLD007,Nahuel Molina,26,PRIMARY_EXPLOITER,A,DIRECTLY_EVALUABLE,45.0,55,23,0.8354430379746836,0.7887323943661972,0.7912981466121994,0.0,0,False,False,0.2658227848101265
GOLD008,Vincent Aboubakar,10,SUPPORT_RUNNER,A,DIRECTLY_EVALUABLE,0.0,25,14,0.4366197183098591,0.2784810126582279,0.2596297395958898,0.0,0,False,False,0.2564102564102564
GOLD008,Eric Maxim Choupo-Moting,13,PRIMARY_EXPLOITER,A,DIRECTLY_EVALUABLE,0.0,25,22,0.971830985915493,0.430379746835443,0.5130661960951833,0.4090909090909091,9,True,True,0.2564102564102564
GOLD009,Toby Alderweireld,2,PASSER,A,PASSER_ONLY_NOT_ACTION_COMPATIBLE,,0,0,,,,,0,False,False,0.1538461538461538
GOLD009,Yannick Carrasco,11,DECOY,A,DIRECTLY_EVALUABLE,315.0,24,22,1.0,0.8606703512212515,0.8904671173320299,0.4545454545454545,6,True,True,0.1538461538461538
GOLD009,Michy Batshuayi,23,PRIMARY_EXPLOITER,A,DIRECTLY_EVALUABLE,45.0,24,23,0.8285714285714285,0.7341772151898734,0.4835573704522091,0.0,0,False,False,0.1538461538461538
GOLD010,Harry Kane,9,PASSER,A,PASSER_ONLY_NOT_ACTION_COMPATIBLE,,0,0,,,,,0,False,False,0.189873417721519
GOLD010,Marcus Rashford,11,PRIMARY_EXPLOITER,A,DIRECTLY_EVALUABLE,0.0,25,16,0.9746835443037974,0.9620253164556962,0.9649001604564094,1.0,16,True,True,0.189873417721519
GOLD011,Julián Álvarez,9,PINNING_PLAYER,A,STATIC_ROLE_NOT_ACTION_COMPATIBLE,,0,0,,,,,0,False,False,0.2307692307692307
GOLD011,Lionel Messi,10,SPACE_CREATOR,A,DIRECTLY_EVALUABLE,225.0,29,29,0.9873417721518988,0.676056338028169,0.6651166703162231,0.1379310344827586,3,True,False,0.2307692307692307
GOLD011,Ángel Di María,11,PRIMARY_EXPLOITER,A,DIRECTLY_EVALUABLE,0.0,29,28,1.0,0.9620253164556962,0.9614424104200876,0.9642857142857144,22,True,False,0.2307692307692307
GOLD011,Alexis Mac Allister,20,PASSER,A,PASSER_ONLY_NOT_ACTION_COMPATIBLE,,0,0,,,,,0,False,False,0.2307692307692307
GOLD012,Aurélien Tchouaméni,8,PRIMARY_EXPLOITER,B,DIRECTLY_EVALUABLE,315.0,25,21,0.6578947368421053,0.5352112676056338,0.4221113170568732,0.0,0,False,False,0.2278481012658227
GOLD012,Dayot Upamecano,18,BALL_CARRIER,B,BALL_CARRIER_NOT_ACTION_COMPATIBLE,,0,0,,,,,0,False,False,0.2278481012658227
GOLD013,Harry Kane,9,PRIMARY_EXPLOITER,A,DIRECTLY_EVALUABLE,0.0,24,21,0.986842105263158,0.9620253164556962,0.9656569933732576,1.0,21,True,True,0.1645569620253164
GOLD013,Phil Foden,20,PASSER,A,PASSER_ONLY_NOT_ACTION_COMPATIBLE,,0,0,,,,,0,False,False,0.1645569620253164
GOLD013,Jude Bellingham,22,BALL_CARRIER,A,BALL_CARRIER_NOT_ACTION_COMPATIBLE,,0,0,,,,,0,False,False,0.1645569620253164
GOLD014,Luke Shaw,3,PASSER,A,PASSER_ONLY_NOT_ACTION_COMPATIBLE,,0,0,,,,,0,False,False,0.1392405063291139
GOLD014,Harry Kane,9,PINNING_PLAYER,A,STATIC_ROLE_NOT_ACTION_COMPATIBLE,,0,0,,,,,0,False,False,0.1392405063291139
GOLD014,Jude Bellingham,22,PRIMARY_EXPLOITER,A,DIRECTLY_EVALUABLE,45.0,7,7,0.5063291139240507,0.4556962025316455,0.4468328961108422,0.0,0,False,False,0.1392405063291139
GOLD015,Raphaël Varane,4,PASSER,A,PASSER_ONLY_NOT_ACTION_COMPATIBLE,,0,0,,,,,0,False,False,0.3417721518987341
GOLD015,Antoine Griezmann,7,PRIMARY_EXPLOITER,A,DIRECTLY_EVALUABLE,270.0,50,44,1.0,0.1764705882352941,0.3986391348487293,0.2272727272727272,10,True,True,0.3417721518987341
GOLD016,Memphis Depay,10,SUPPORT_RUNNER,B,DIRECTLY_EVALUABLE,315.0,29,28,0.8873239436619719,0.7535211267605634,0.7255176629396631,0.0,0,False,False,0.2564102564102564
GOLD016,Denzel Dumfries,22,PRIMARY_EXPLOITER,B,DIRECTLY_EVALUABLE,0.0,29,27,1.0,0.943661971830986,0.8072476113125072,0.5925925925925926,16,True,True,0.2564102564102564
GOLD017,Daley Blind,17,SUPPORT_RUNNER,B,DIRECTLY_EVALUABLE,270.0,24,23,0.5696202531645569,0.4647887323943662,0.4354969722165219,0.0,0,False,False,0.1666666666666666
GOLD017,Denzel Dumfries,22,PRIMARY_EXPLOITER,B,DIRECTLY_EVALUABLE,45.0,24,8,0.8987341772151899,0.7394366197183098,0.705428775182742,0.0,0,False,False,0.1666666666666666
GOLD018,Daley Blind,17,PASSER,B,PASSER_ONLY_NOT_ACTION_COMPATIBLE,,0,0,,,,,0,False,False,0.1518987341772152
GOLD018,Denzel Dumfries,22,PRIMARY_EXPLOITER,B,DIRECTLY_EVALUABLE,315.0,20,19,1.0,1.0,0.9965938200823864,1.0,18,True,True,0.1518987341772152
GOLD019,Julián Álvarez,9,BALL_CARRIER,B,BALL_CARRIER_NOT_ACTION_COMPATIBLE,,0,0,,,,,0,False,False,0.1625
GOLD020,Harry Kane,9,SPACE_CREATOR,B,DIRECTLY_EVALUABLE,315.0,25,25,0.9873417721518988,0.8552631578947368,0.7863869117779844,0.44,9,True,False,0.2179487179487179
GOLD020,Bukayo Saka,17,PRIMARY_EXPLOITER,B,DIRECTLY_EVALUABLE,45.0,25,23,0.8734177215189873,0.8,0.6784140933172015,0.0,0,False,False,0.2179487179487179
GOLD020,Phil Foden,20,PASSER,B,PASSER_ONLY_NOT_ACTION_COMPATIBLE,,0,0,,,,,0,False,False,0.2179487179487179
