case_id,state_id,frame,n_actions,spearman,kendall,top10_jaccard,top1_agree,best_player_agree
GOLD001,GOLD001|10505|70930,70930,240,0.9994201288216809,0.9889121338912136,1.0,True,True
GOLD001,GOLD001|10505|70986,70986,211,0.9984210728018292,0.9813134732566012,1.0,True,True
GOLD001,GOLD001|10505|71034,71034,213,0.9985483346206668,0.982903711577642,1.0,True,True
GOLD002,GOLD002|3858|47743,47743,216,0.999840436299551,0.9942291128337638,1.0,True,True
GOLD002,GOLD002|3858|47791,47791,216,0.999865442551114,0.9955211024978464,1.0,True,True
GOLD002,GOLD002|3858|47839,47839,216,0.999929744340847,0.9968992248062014,1.0,True,True
GOLD004,GOLD004|10514|58637,58637,214,0.9999755105289418,0.9986836909306306,1.0,True,True
GOLD004,GOLD004|10514|58669,58669,216,0.9992986341823552,0.9879414298018948,1.0,True,True
GOLD004,GOLD004|10514|58701,58701,215,0.9994155859837232,0.991567050641165,1.0,True,True
GOLD005,GOLD005|3834|118461,118461,238,0.9993145926343632,0.9858880260965144,1.0,True,True
GOLD005,GOLD005|3834|118509,118509,212,0.9996083088893732,0.9900742197979078,1.0,True,True
GOLD005,GOLD005|3834|118549,118549,216,0.9997975684397288,0.9930232558139532,1.0,True,True
GOLD006,GOLD006|3821|164932,164932,216,0.9997785160575856,0.993367786391042,1.0,True,True
GOLD006,GOLD006|3821|164980,164980,211,0.9983290964601884,0.9833897540058678,1.0,True,True
GOLD006,GOLD006|3821|165020,165020,210,0.9996721661974842,0.9927090453406242,1.0,True,True
GOLD007,GOLD007|10511|63561,63561,216,0.9999464151752224,0.99724375538329,1.0,True,True
GOLD007,GOLD007|10511|63657,63657,216,0.9999047380892842,0.9959517657192076,1.0,True,True
GOLD007,GOLD007|10511|63753,63753,216,0.99994879672299,0.9975021533161068,1.0,True,True
GOLD008,GOLD008|3840|135544,135544,240,0.9999851238396597,0.9988385598141696,1.0,True,True
GOLD008,GOLD008|3840|135592,135592,215,0.9999009877079862,0.9968702455987832,0.9130434782608696,True,True
GOLD008,GOLD008|3840|135632,135632,212,0.9998740543052648,0.99615487793973,1.0,False,True
GOLD009,GOLD009|3823|81569,81569,216,0.9999630353906324,0.9980822873082288,0.9130434782608696,True,True
GOLD009,GOLD009|3823|81617,81617,204,0.9999462093898588,0.9974575856842518,1.0,True,True
GOLD009,GOLD009|3823|81657,81657,205,0.99994288977727,0.9976087996174078,1.0,True,True
GOLD010,GOLD010|3813|160316,160316,239,0.9999639604795892,0.9978200485215004,1.0,True,True
GOLD010,GOLD010|3813|160364,160364,216,0.9997535098060228,0.9944875107665804,1.0,True,True
GOLD010,GOLD010|3813|160404,160404,216,0.9993260219816856,0.989922480620155,1.0,True,True
GOLD013,GOLD013|10505|87614,87614,216,0.9938151204467782,0.9552971576227388,1.0,True,True
GOLD013,GOLD013|10505|87678,87678,211,0.9964857372797996,0.9759873617693524,0.9130434782608696,True,True
GOLD013,GOLD013|10505|87734,87734,216,0.995893020874266,0.9666666666666666,1.0,True,True
GOLD014,GOLD014|3813|66781,66781,239,0.9997195949509512,0.9919130832249216,0.92,True,True
GOLD014,GOLD014|3813|66805,66805,240,0.999602423653188,0.989818688981869,1.0,True,True
GOLD014,GOLD014|3813|66821,66821,239,0.9991385675609156,0.9845996976196336,1.0,True,True
GOLD015,GOLD015|10515|12861,12861,231,0.9998656071052936,0.9959916808470408,1.0,True,True
GOLD015,GOLD015|10515|12909,12909,197,0.9998693053342318,0.9955555555555554,1.0,True,True
GOLD015,GOLD015|10515|12949,12949,204,0.999926497091688,0.9969091084709748,1.0,True,True
