case_id,player_name,shirt_number,role_in_mechanism,evidence_strength,frozen_direction_deg,SOG_peak,PCG_peak,SOG_TOP10,PCG_TOP10,SOG_pre_sup,PCG_pre_sup,Delta_peak,SOG_player_hit,PCG_player_hit
GOLD001,Harry Kane,9,SPACE_CREATOR,A,0.0,1.0,1.0,True,True,True,True,0.0,True,True
GOLD001,Jordan Henderson,8,SUPPORT_RUNNER,A,0.0,0.9859154929577464,0.9577464788732396,True,True,True,True,-0.028169014084507,True,True
GOLD001,Jude Bellingham,22,PRIMARY_EXPLOITER,A,0.0,1.0,1.0,True,True,True,True,0.0,True,True
GOLD002,Aleksandar Mitrović,9,PRIMARY_EXPLOITER,A,45.0,0.8734177215189873,0.8481012658227848,False,False,False,False,-0.0253164556962025,True,True
GOLD002,Dušan Vlahović,18,SPACE_CREATOR,A,0.0,0.9113924050632912,0.8873239436619719,True,False,False,False,-0.0240684614013192,True,True
GOLD003,Ricardo Rodríguez,13,PRIMARY_EXPLOITER,B,0.0,1.0,1.0,True,True,False,False,0.0,True,True
GOLD004,Enzo Fernández,24,SPACE_CREATOR,A,0.0,0.9240506329113924,0.9240506329113924,True,True,True,True,0.0,True,True
GOLD004,Julián Álvarez,9,PRIMARY_EXPLOITER,A,0.0,0.9873417721518988,0.9873417721518988,True,True,True,True,0.0,True,True
GOLD005,Theo Hernández,22,PRIMARY_EXPLOITER,A,0.0,0.810126582278481,0.8227848101265822,False,False,False,False,0.0126582278481012,True,True
GOLD006,Takuma Asano,18,PRIMARY_EXPLOITER,A,180.0,0.6582278481012658,0.6025641025641026,False,False,False,False,-0.0556637455371631,False,False
GOLD007,Nahuel Molina,26,PRIMARY_EXPLOITER,A,45.0,0.8354430379746836,0.7746478873239436,False,False,False,False,-0.0607951506507399,True,True
GOLD008,Eric Maxim Choupo-Moting,13,PRIMARY_EXPLOITER,A,0.0,0.971830985915493,0.9859154929577464,True,True,True,True,0.0140845070422535,True,True
GOLD008,Vincent Aboubakar,10,SUPPORT_RUNNER,A,0.0,0.4366197183098591,0.4936708860759493,False,False,False,False,0.0570511677660902,True,False
GOLD009,Michy Batshuayi,23,PRIMARY_EXPLOITER,A,45.0,0.8285714285714285,0.810126582278481,False,False,False,False,-0.0184448462929475,True,True
GOLD009,Yannick Carrasco,11,DECOY,A,315.0,1.0,1.0,True,True,True,True,0.0,True,True
GOLD010,Marcus Rashford,11,PRIMARY_EXPLOITER,A,0.0,0.9746835443037974,0.9493670886075948,True,True,True,True,-0.0253164556962025,True,True
GOLD011,Lionel Messi,10,SPACE_CREATOR,A,225.0,0.9873417721518988,0.9240506329113924,True,False,False,False,-0.0632911392405063,True,False
GOLD011,Ángel Di María,11,PRIMARY_EXPLOITER,A,0.0,1.0,1.0,True,True,False,False,0.0,True,True
GOLD012,Aurélien Tchouaméni,8,PRIMARY_EXPLOITER,B,315.0,0.6578947368421053,0.5263157894736843,False,False,False,False,-0.131578947368421,False,False
GOLD013,Harry Kane,9,PRIMARY_EXPLOITER,A,0.0,0.986842105263158,0.9736842105263158,True,True,True,True,-0.013157894736842,True,True
GOLD014,Jude Bellingham,22,PRIMARY_EXPLOITER,A,45.0,0.5063291139240507,0.2535211267605634,False,False,False,False,-0.2528079871634873,False,False
GOLD015,Antoine Griezmann,7,PRIMARY_EXPLOITER,A,270.0,1.0,0.9846153846153848,True,True,True,True,-0.0153846153846153,True,True
GOLD016,Denzel Dumfries,22,PRIMARY_EXPLOITER,B,0.0,1.0,1.0,True,True,True,True,0.0,True,True
GOLD016,Memphis Depay,10,SUPPORT_RUNNER,B,315.0,0.8873239436619719,0.8028169014084507,False,False,False,False,-0.0845070422535211,False,False
GOLD017,Daley Blind,17,SUPPORT_RUNNER,B,270.0,0.5696202531645569,0.5789473684210527,False,False,False,False,0.0093271152564957,False,False
GOLD017,Denzel Dumfries,22,PRIMARY_EXPLOITER,B,45.0,0.8987341772151899,0.8860759493670887,False,False,False,False,-0.0126582278481012,False,False
GOLD018,Denzel Dumfries,22,PRIMARY_EXPLOITER,B,315.0,1.0,0.9873417721518988,True,True,True,True,-0.0126582278481012,True,True
GOLD020,Bukayo Saka,17,PRIMARY_EXPLOITER,B,45.0,0.8734177215189873,0.8285714285714285,False,False,False,False,-0.0448462929475588,False,False
GOLD020,Harry Kane,9,SPACE_CREATOR,B,315.0,0.9873417721518988,0.9620253164556962,True,True,False,False,-0.0253164556962025,True,True
