case_id,evidence_strength,SOG_TOP10,PCG_TOP10,SOG_pre_sup,PCG_pre_sup
GOLD001,A,True,True,True,True
GOLD001,A,True,True,True,True
GOLD001,A,True,True,True,True
GOLD002,A,False,False,False,False
GOLD002,A,True,False,False,False
GOLD004,A,True,True,True,True
GOLD004,A,True,True,True,True
GOLD005,A,False,False,False,False
GOLD006,A,False,False,False,False
GOLD007,A,False,False,False,False
GOLD008,A,True,True,True,True
GOLD008,A,False,False,False,False
GOLD009,A,False,False,False,False
GOLD009,A,True,True,True,True
GOLD010,A,True,True,True,True
GOLD011,A,True,False,False,False
GOLD011,A,True,True,False,False
GOLD013,A,True,True,True,True
GOLD014,A,False,False,False,False
GOLD015,A,True,True,True,True
