action_key,case_id,player_name,shirt_number,direction_deg,source_id,evidence_strength,evaluability,metric,peak,median,mean,frac,n_valid,run,run_s,top10,pre_peak,pre_median,pre_mean,pre_frac,n_pre_valid,pre_run,pre_run_s,pre_sup,tpeak,rpeak
GOLD001|8|0.000000,GOLD001,Jordan Henderson,8,0.0,GOLD001-S1,A,DIRECTLY_EVALUABLE,SOG,0.9859154929577465,0.9268140488500625,0.9201363650909025,0.8214285714285714,28,23,5.87259799063721,True,0.971830985915493,0.9295774647887324,0.9317296182156227,1.0,14.0,14,3.4701715399219877,True,2371.5285771963017,2.0
GOLD001|9|0.000000,GOLD001,Harry Kane,9,0.0,GOLD001-S1,A,DIRECTLY_EVALUABLE,SOG,1.0,0.6056338028169015,0.6982065496952286,0.2857142857142857,21,6,1.3346813615084567,True,1.0,1.0,1.0,1.0,6.0,6,1.3346813615084567,True,2366.7237242948713,1.0
GOLD001|22|0.000000,GOLD001,Jude Bellingham,22,0.0,GOLD001-S1,A,DIRECTLY_EVALUABLE,SOG,1.0,0.8732394366197183,0.69239454905349,0.47619047619047616,21,10,2.402426450715222,True,1.0,0.908450704225352,0.7983979828337111,0.5,14.0,7,1.6016176338101482,True,2369.3930870178883,1.0
GOLD002|9|45.000000,GOLD002,Aleksandar Mitrović,9,45.0,GOLD002-S1,A,DIRECTLY_EVALUABLE,SOG,0.8734177215189873,0.8028169014084507,0.541986093777857,0.0,24,0,0.0,False,0.8591549295774648,0.8354430379746836,0.8308076305936888,0.0,12.0,0,0.0,False,1596.5124776023783,11.0
GOLD002|18|0.000000,GOLD002,Dušan Vlahović,18,0.0,GOLD002-S1,A,DIRECTLY_EVALUABLE,SOG,0.9113924050632911,0.7887323943661972,0.7831413799251203,0.12,25,3,0.5338725446033827,True,0.9014084507042254,0.7323943661971831,0.7650479312094572,0.07692307692307693,13.0,1,0.0,False,1596.5124776023783,8.0
GOLD004|9|0.000000,GOLD004,Julián Álvarez,9,0.0,GOLD004-S1,A,DIRECTLY_EVALUABLE,SOG,0.9873417721518988,0.9746835443037974,0.9724592279414885,1.0,21,21,5.338725446033827,True,0.9859154929577465,0.971830985915493,0.96543253897506,1.0,9.0,9,2.135490178413531,True,1959.2121375923016,2.0
GOLD004|24|0.000000,GOLD004,Enzo Fernández,24,0.0,GOLD004-S1,A,DIRECTLY_EVALUABLE,SOG,0.9240506329113924,0.6962025316455696,0.7282224995542877,0.13333333333333333,15,2,0.26693627230169137,True,0.9240506329113924,0.9240506329113924,0.9240506329113924,1.0,2.0,2,0.26693627230169137,True,1956.8097111415864,7.0
GOLD005|22|0.000000,GOLD005,Theo Hernández,22,0.0,GOLD005-S1,A,DIRECTLY_EVALUABLE,SOG,0.810126582278481,0.5633802816901409,0.6362208058477447,0.0,16,0,0.0,False,0.810126582278481,0.7721518987341772,0.779746835443038,0.0,5.0,0,0.0,False,3953.7599642305395,16.0
GOLD006|18|180.000000,GOLD006,Takuma Asano,18,180.0,GOLD006-S1,A,OFFSIDE_CONFOUNDED_BUT_SCOREABLE,SOG,0.6582278481012658,0.5641025641025641,0.5491047279021962,0.0,12,0,0.0,False,,,,,,0,0.0,False,5509.698128443061,28.0
GOLD007|26|45.000000,GOLD007,Nahuel Molina,26,45.0,GOLD007-S1,A,DIRECTLY_EVALUABLE,SOG,0.8354430379746836,0.7887323943661972,0.7912981466121992,0.0,23,0,0.0,False,,,,,,0,0.0,False,2132.8541827245517,14.0
GOLD008|10|0.000000,GOLD008,Vincent Aboubakar,10,0.0,GOLD008-S1,A,DIRECTLY_EVALUABLE,SOG,0.43661971830985913,0.2784810126582279,0.25962973959588986,0.0,14,0,0.0,False,0.189873417721519,0.189873417721519,0.189873417721519,0.0,3.0,0,0.0,False,4526.972241964384,41.0
GOLD008|13|0.000000,GOLD008,Eric Maxim Choupo-Moting,13,0.0,GOLD008-S1,A,DIRECTLY_EVALUABLE,SOG,0.971830985915493,0.430379746835443,0.5130661960951833,0.4090909090909091,22,9,2.135490178413531,True,0.971830985915493,0.9577464788732395,0.7646045046651216,0.75,12.0,9,2.135490178413531,True,4523.5020704244625,3.0
GOLD009|11|315.000000,GOLD009,Yannick Carrasco,11,315.0,GOLD009-S1,A,DIRECTLY_EVALUABLE,SOG,1.0,0.8606703512212515,0.8904671173320297,0.45454545454545453,22,6,1.3346813615084567,True,1.0,0.9859154929577465,0.9653746005444432,1.0,10.0,6,1.3346813615084567,True,2723.3172170558933,1.0
GOLD009|23|45.000000,GOLD009,Michy Batshuayi,23,45.0,GOLD009-S1,A,DIRECTLY_EVALUABLE,SOG,0.8285714285714285,0.7341772151898734,0.48355737045220926,0.0,23,0,0.0,False,0.8285714285714285,0.09859154929577463,0.16120659475725937,0.0,11.0,0,0.0,False,2724.6518984174018,13.0
GOLD010|11|0.000000,GOLD010,Marcus Rashford,11,0.0,GOLD010-S1,A,DIRECTLY_EVALUABLE,SOG,0.9746835443037974,0.9620253164556962,0.9649001604564094,1.0,16,16,4.00404408452537,True,0.971830985915493,0.9620253164556962,0.9618767457063054,1.0,12.0,12,2.936298995318605,True,5352.739600329666,3.0
GOLD011|10|225.000000,GOLD011,Lionel Messi,10,225.0,GOLD011-S1,A,DIRECTLY_EVALUABLE,SOG,0.9873417721518988,0.676056338028169,0.6651166703162231,0.13793103448275862,29,3,0.5338725446033827,True,,,,,,0,0.0,False,2277.1999719716914,2.0
GOLD011|11|0.000000,GOLD011,Ángel Di María,11,0.0,GOLD011-S1,A,DIRECTLY_EVALUABLE,SOG,1.0,0.9620253164556962,0.9614424104200874,0.9642857142857143,28,22,5.605661718335519,True,,,,,,0,0.0,False,2269.725756347244,1.0
GOLD013|9|0.000000,GOLD013,Harry Kane,9,0.0,GOLD013-S1,A,DIRECTLY_EVALUABLE,SOG,0.9868421052631579,0.9620253164556962,0.9656569933732577,1.0,21,21,5.338725446033827,True,0.9859154929577465,0.9620253164556962,0.9622481725797825,1.0,16.0,16,4.00404408452537,True,2928.4911093537808,2.0
GOLD014|22|45.000000,GOLD014,Jude Bellingham,22,45.0,GOLD014-S1,A,DIRECTLY_EVALUABLE,SOG,0.5063291139240507,0.45569620253164556,0.44683289611084226,0.0,7,0,0.0,False,0.49295774647887325,0.43670886075949367,0.43691685980864087,0.0,6.0,0,0.0,False,2229.8855177062164,40.0
GOLD015|7|270.000000,GOLD015,Antoine Griezmann,7,270.0,GOLD015-S1,A,DIRECTLY_EVALUABLE,SOG,1.0,0.17647058823529416,0.39863913484872937,0.22727272727272727,44,10,2.402426450715222,True,1.0,0.10710955710955711,0.3860240924179543,0.3333333333333333,12.0,4,0.8008088169050741,True,431.2689149374201,1.0
GOLD001|8|0.000000,GOLD001,Jordan Henderson,8,0.0,GOLD001-S1,A,DIRECTLY_EVALUABLE,PCG,0.9577464788732395,0.8866999465145302,0.8556550272096716,0.39285714285714285,28,10,2.402426450715222,True,0.9577464788732395,0.913442681404885,0.9132261925986296,0.7142857142857143,14.0,10,2.402426450715222,True,2368.325341928681,4.0
GOLD001|9|0.000000,GOLD001,Harry Kane,9,0.0,GOLD001-S1,A,DIRECTLY_EVALUABLE,PCG,1.0,0.44303797468354433,0.5720579018849656,0.2857142857142857,21,6,1.3346813615084567,True,1.0,1.0,1.0,1.0,6.0,6,1.3346813615084567,True,2366.7237242948713,1.0
GOLD001|22|0.000000,GOLD001,Jude Bellingham,22,0.0,GOLD001-S1,A,DIRECTLY_EVALUABLE,PCG,1.0,0.8732394366197183,0.6922587129397613,0.47619047619047616,21,10,2.402426450715222,True,1.0,0.9154929577464789,0.7981942286631181,0.5,14.0,7,1.6016176338101482,True,2369.6600232901897,1.0
GOLD002|9|45.000000,GOLD002,Aleksandar Mitrović,9,45.0,GOLD002-S1,A,DIRECTLY_EVALUABLE,PCG,0.8481012658227848,0.7088607594936709,0.5146416473524692,0.0,24,0,0.0,False,0.8169014084507042,0.7605633802816901,0.753966839008736,0.0,12.0,0,0.0,False,1596.5124776023783,13.0
GOLD002|18|0.000000,GOLD002,Dušan Vlahović,18,0.0,GOLD002-S1,A,DIRECTLY_EVALUABLE,PCG,0.8873239436619719,0.7464788732394366,0.7407594936708861,0.0,25,0,0.0,False,0.8873239436619719,0.676056338028169,0.7351509250243426,0.0,13.0,0,0.0,False,1596.2455413300768,9.0
GOLD004|9|0.000000,GOLD004,Julián Álvarez,9,0.0,GOLD004-S1,A,DIRECTLY_EVALUABLE,PCG,0.9873417721518988,0.9746835443037974,0.9724592279414885,1.0,21,21,5.338725446033827,True,0.9859154929577465,0.971830985915493,0.96543253897506,1.0,9.0,9,2.135490178413531,True,1959.2121375923016,2.0
GOLD004|24|0.000000,GOLD004,Enzo Fernández,24,0.0,GOLD004-S1,A,DIRECTLY_EVALUABLE,PCG,0.9240506329113924,0.6338028169014085,0.6651928448327092,0.13333333333333333,15,2,0.26693627230169137,True,0.9240506329113924,0.9177215189873418,0.9177215189873418,1.0,2.0,2,0.26693627230169137,True,1956.8097111415864,7.0
GOLD005|22|0.000000,GOLD005,Theo Hernández,22,0.0,GOLD005-S1,A,DIRECTLY_EVALUABLE,PCG,0.8227848101265822,0.5949367088607596,0.6352290960955607,0.0,16,0,0.0,False,0.8227848101265822,0.7974683544303798,0.8,0.0,5.0,0,0.0,False,3953.7599642305395,15.0
GOLD006|18|180.000000,GOLD006,Takuma Asano,18,180.0,GOLD006-S1,A,OFFSIDE_CONFOUNDED_BUT_SCOREABLE,PCG,0.6025641025641026,0.5897435897435898,0.5839283782321756,0.0,12,0,0.0,False,,,,,,0,0.0,False,5508.0965108092505,32.0
GOLD007|26|45.000000,GOLD007,Nahuel Molina,26,45.0,GOLD007-S1,A,DIRECTLY_EVALUABLE,PCG,0.7746478873239436,0.7464788732394366,0.7450138364584866,0.0,23,0,0.0,False,,,,,,0,0.0,False,2127.7823935508195,17.0
GOLD008|10|0.000000,GOLD008,Vincent Aboubakar,10,0.0,GOLD008-S1,A,DIRECTLY_EVALUABLE,PCG,0.49367088607594933,0.25316455696202533,0.2781204305772209,0.0,14,0,0.0,False,0.189873417721519,0.189873417721519,0.189873417721519,0.0,3.0,0,0.0,False,4529.107732142797,41.0
GOLD008|13|0.000000,GOLD008,Eric Maxim Choupo-Moting,13,0.0,GOLD008-S1,A,DIRECTLY_EVALUABLE,PCG,0.9859154929577465,0.4936708860759494,0.5338606984371986,0.45454545454545453,22,10,2.402426450715222,True,0.9859154929577465,0.971830985915493,0.7775153027871874,0.75,12.0,9,2.135490178413531,True,4523.5020704244625,2.0
GOLD009|11|315.000000,GOLD009,Yannick Carrasco,11,315.0,GOLD009-S1,A,DIRECTLY_EVALUABLE,PCG,1.0,0.8543412372972009,0.8602232536385561,0.4090909090909091,22,5,1.0677450892067655,True,1.0,0.985711369667279,0.9595975940896875,0.9,10.0,5,1.0677450892067655,True,2723.3172170558933,1.0
GOLD009|23|45.000000,GOLD009,Michy Batshuayi,23,45.0,GOLD009-S1,A,DIRECTLY_EVALUABLE,PCG,0.810126582278481,0.6708860759493671,0.45962644311604034,0.0,23,0,0.0,False,0.8,0.09859154929577463,0.15860919215985678,0.0,11.0,0,0.0,False,2725.185770962005,16.0
GOLD010|11|0.000000,GOLD010,Marcus Rashford,11,0.0,GOLD010-S1,A,DIRECTLY_EVALUABLE,PCG,0.9493670886075949,0.9295774647887324,0.9317391691923694,1.0,16,16,4.00404408452537,True,0.9436619718309859,0.9295774647887324,0.9284483270933618,1.0,12.0,12,2.936298995318605,True,5353.27347287427,5.0
GOLD011|10|225.000000,GOLD011,Lionel Messi,10,225.0,GOLD011-S1,A,DIRECTLY_EVALUABLE,PCG,0.9240506329113924,0.49295774647887325,0.5384901233607734,0.034482758620689655,29,1,0.0,False,,,,,,0,0.0,False,2277.1999719716914,7.0
GOLD011|11|0.000000,GOLD011,Ángel Di María,11,0.0,GOLD011-S1,A,DIRECTLY_EVALUABLE,PCG,1.0,0.9598858976644679,0.9595689646342498,0.8928571428571429,28,22,5.605661718335519,True,,,,,,0,0.0,False,2269.725756347244,1.0
GOLD013|9|0.000000,GOLD013,Harry Kane,9,0.0,GOLD013-S1,A,DIRECTLY_EVALUABLE,PCG,0.9736842105263158,0.9295774647887324,0.9125135513881043,0.5714285714285714,21,11,2.6693627230169135,True,0.971830985915493,0.8873239436619719,0.8957924763772509,0.4375,16.0,6,1.3346813615084567,True,2928.4911093537808,3.0
GOLD014|22|45.000000,GOLD014,Jude Bellingham,22,45.0,GOLD014-S1,A,DIRECTLY_EVALUABLE,PCG,0.2535211267605634,0.21518987341772156,0.20120724346076457,0.0,7,0,0.0,False,0.2535211267605634,0.20253164556962028,0.19676710049325488,0.0,6.0,0,0.0,False,2229.3516451616133,54.0
GOLD015|7|270.000000,GOLD015,Antoine Griezmann,7,270.0,GOLD015-S1,A,DIRECTLY_EVALUABLE,PCG,0.9846153846153847,0.17647058823529416,0.4152140455967498,0.29545454545454547,44,13,3.2032352676202964,True,0.9846153846153847,0.10710955710955711,0.38106557054766776,0.3333333333333333,12.0,4,0.8008088169050741,True,431.2689149374201,2.0
